categorie,systeme,M_kg,R_m,T_obs_s,nature_T_obs,definition_R,statut_R,T_P_s,T_G_s,T_C_s,T_Q_s,log10_X,log10_Y,log10_O,log10_g_sur_aP,residu_Kepler,regime,source
quantique,Électron (échelle de Compton réduite),9.109384e-31,3.861593e-13,,,longueur de Compton réduite,défini,5.391246e-44,2.256486e-66,1.288089e-21,1.288089e-21,-44.7565,22.3783,,-67.1348,,X < 1e-4 (Newtonian to 1e-4) ; sub-Planckian mass (Y > 1) ; R above Planck length,CODATA 2018
quantique,Proton (rayon de charge),1.672622e-27,8.409000e-16,,,rayon de charge,mesuré,5.391246e-44,4.143252e-63,2.804940e-24,7.015150e-25,-38.8306,19.1143,,-58.5468,,X < 1e-4 (Newtonian to 1e-4) ; sub-Planckian mass (Y > 1) ; R above Planck length,CODATA 2018
quantique,"Hydrogène, orbite de Bohr",1.673533e-27,5.291772e-11,1.519830e-16,période de Bohr 2πħ/E_h,rayon de Bohr,défini,5.391246e-44,4.145509e-63,1.765145e-19,7.011332e-25,-43.6292,19.1141,2.9350,-68.1443,,X < 1e-4 (Newtonian to 1e-4) ; sub-Planckian mass (Y > 1) ; R above Planck length,CODATA 2018
quantique,"Hydrogène, raie à 21 cm (maser)",1.673533e-27,5.291772e-11,7.040242e-10,période hyperfine,rayon de Bohr,défini,5.391246e-44,4.145509e-63,1.765145e-19,7.011332e-25,-43.6292,19.1141,9.6008,-68.1443,,X < 1e-4 (Newtonian to 1e-4) ; sub-Planckian mass (Y > 1) ; R above Planck length,Hellwig et al. 1970
quantique,Neutrons en superposition (COW 1975),1.674928e-27,3.500000e-02,1.090000e-05,durée effective déduite de la phase publiée,séparation des faisceaux,mesuré,5.391246e-44,4.148964e-63,1.167474e-10,7.005494e-25,-52.4493,19.1137,4.9702,-85.7849,,X < 1e-4 (Newtonian to 1e-4) ; sub-Planckian mass (Y > 1) ; R above Planck length,"Colella, Overhauser & Werner 1975"
quantique,"Atomes Rb, 54 cm (2015)",1.443158e-25,5.400000e-01,2.080000e+00,durée de superposition (ordre de grandeur),séparation des paquets d'ondes,mesuré,5.391246e-44,3.574847e-61,1.801246e-09,8.130569e-27,-51.7023,17.1784,9.0625,-86.2262,,X < 1e-4 (Newtonian to 1e-4) ; sub-Planckian mass (Y > 1) ; R above Planck length,Kovachy et al. 2015
quantique,Atomes Cs piégés 20 s (2019),2.206939e-25,3.900000e-06,2.000000e+01,durée de maintien,séparation des paquets d'ondes,mesuré,5.391246e-44,5.466810e-61,1.300900e-14,5.316727e-27,-46.3765,16.9940,15.1868,-75.7591,,X < 1e-4 (Newtonian to 1e-4) ; sub-Planckian mass (Y > 1) ; R above Planck length,Xu et al. 2019
quantique,Molécules 25 kDa (2019),4.151347e-23,2.660000e-07,7.700000e-03,temps de vol (ordre de grandeur),délocalisation (ordre de grandeur),ordre de grandeur,5.391246e-44,1.028330e-58,8.872805e-16,2.826478e-29,-42.9359,14.7196,12.9384,-71.1523,,X < 1e-4 (Newtonian to 1e-4) ; sub-Planckian mass (Y > 1) ; R above Planck length,Fein et al. 2019
quantique,Microdiamant 1e-14 kg (proposition BMV),1.000000e-14,2.500000e-04,2.500000e+00,durée proposée,écart entre branches Δx,proposé,5.391246e-44,2.477100e-50,8.339102e-13,1.173369e-37,-37.5272,6.3377,12.4768,-68.7166,,X < 1e-4 (Newtonian to 1e-4) ; sub-Planckian mass (Y > 1) ; R above Planck length,Bose et al. 2017
quantique,Masse de Planck à la longueur de Planck,2.176434e-08,1.616255e-35,,,longueur de Planck,défini,5.391246e-44,5.391246e-44,5.391246e-44,5.391246e-44,0.0000,0.0000,,0.0000,,R <= r_s (X >= 1/2) ; super-Planckian mass (Y < 1) ; R above Planck length,définition
Terre,"Terre, surface (rotation sidérale)",5.972168e+24,6.371000e+06,8.616409e+04,rotation sidérale,rayon moyen,mesuré,5.391246e-44,1.479366e-11,2.125137e-02,1.964729e-76,-9.1573,-32.4384,6.6079,-50.7530,,X < 1e-4 (Newtonian to 1e-4) ; super-Planckian mass (Y < 1) ; R above Planck length,IERS ; IAU
Terre,Station spatiale internationale,5.972168e+24,6.791000e+06,5.574000e+03,période orbitale,rayon orbital,mesuré,5.391246e-44,1.479366e-11,2.265234e-02,1.964729e-76,-9.1850,-32.4384,5.3911,-50.8085,8.18e-04,X < 1e-4 (Newtonian to 1e-4) ; super-Planckian mass (Y < 1) ; R above Planck length,"NASA (ordre de grandeur, altitude 420 km)"
Terre,Satellite GPS,5.972168e+24,2.656000e+07,4.308200e+04,période orbitale,demi-grand axe,mesuré,5.391246e-44,1.479366e-11,8.859462e-02,1.964729e-76,-9.7773,-32.4384,5.6869,-51.9930,9.85e-05,X < 1e-4 (Newtonian to 1e-4) ; super-Planckian mass (Y < 1) ; R above Planck length,US GPS Interface Specification
Terre,Lune autour de la Terre,6.045626e+24,3.843990e+08,2.360592e+06,période sidérale,demi-grand axe,mesuré,5.391246e-44,1.497562e-11,1.282217e+00,1.940857e-76,-10.9326,-32.4437,6.2651,-54.3088,1.36e-03,X < 1e-4 (Newtonian to 1e-4) ; super-Planckian mass (Y < 1) ; R above Planck length,NASA Moon Fact Sheet
Système solaire,"Soleil, surface (rotation équatoriale)",1.988410e+30,6.957000e+08,2.192832e+06,rotation sidérale équatoriale,rayon photosphérique,mesuré,5.391246e-44,4.925491e-06,2.320605e+00,5.901044e-82,-5.6732,-37.9608,5.9754,-49.3071,,X < 1e-4 (Newtonian to 1e-4) ; super-Planckian mass (Y < 1) ; R above Planck length,IAU 2015 ; NASA Sun Fact Sheet
Système solaire,Mercure autour du Soleil,1.988410e+30,5.790904e+10,7.600530e+06,période sidérale,demi-grand axe,mesuré (mais GM☉ est calibré sur les orbites),5.391246e-44,4.925491e-06,1.931638e+02,5.901044e-82,-7.5935,-37.9608,4.5949,-53.1477,7.61e-07,X < 1e-4 (Newtonian to 1e-4) ; super-Planckian mass (Y < 1) ; R above Planck length,NASA Planetary Fact Sheets
Système solaire,Terre autour du Soleil,1.988410e+30,1.495980e+11,3.155815e+07,période sidérale,demi-grand axe,mesuré (mais GM☉ est calibré sur les orbites),5.391246e-44,4.925491e-06,4.990053e+02,5.901044e-82,-8.0057,-37.9608,4.8010,-53.9721,-2.99e-06,X < 1e-4 (Newtonian to 1e-4) ; super-Planckian mass (Y < 1) ; R above Planck length,NASA Planetary Fact Sheets
Système solaire,Jupiter autour du Soleil,1.988410e+30,7.785672e+11,3.743358e+08,période sidérale,demi-grand axe,mesuré (mais GM☉ est calibré sur les orbites),5.391246e-44,4.925491e-06,2.597020e+03,5.901044e-82,-8.7220,-37.9608,5.1588,-55.4048,-9.37e-04,X < 1e-4 (Newtonian to 1e-4) ; super-Planckian mass (Y < 1) ; R above Planck length,NASA Planetary Fact Sheets
Système solaire,Neptune autour du Soleil,1.988410e+30,4.498408e+12,5.200416e+09,période sidérale,demi-grand axe,mesuré (mais GM☉ est calibré sur les orbites),5.391246e-44,4.925491e-06,1.500507e+04,5.901044e-82,-9.4838,-37.9608,5.5398,-56.9283,-6.31e-04,X < 1e-4 (Newtonian to 1e-4) ; super-Planckian mass (Y < 1) ; R above Planck length,NASA Planetary Fact Sheets
Étoiles,"Sirius B, surface (naine blanche)",2.024201e+30,5.635170e+06,,,rayon stellaire,mesuré,5.391246e-44,5.014150e-06,1.879690e-02,5.796703e-82,-3.5739,-37.9685,,-45.1163,,1e-4 <= X <= 1/6 ; super-Planckian mass (Y < 1) ; R above Planck length,Bond et al. 2017
Étoiles,"Sirius A–B, orbite",6.126291e+30,2.959482e+12,1.581982e+09,période orbitale,demi-grand axe,déduit (Kepler),5.391246e-44,1.517544e-05,9.871768e+03,1.915301e-82,-8.8133,-38.4495,5.2048,-56.0760,4.44e-15,X < 1e-4 (Newtonian to 1e-4) ; super-Planckian mass (Y < 1) ; R above Planck length,Bond et al. 2017
Étoiles,"PSR J0740+6620, surface (étoile à neutrons)",4.135893e+30,1.239000e+04,2.885800e-03,période de rotation,rayon équatorial (NICER),mesuré (NICER),5.391246e-44,1.024502e-05,4.132859e-05,2.837040e-82,-0.6057,-38.2788,1.8440,-39.4903,,between ISCO and r_s (1/6 < X < 1/2) ; super-Planckian mass (Y < 1) ; R above Planck length,Fonseca et al. 2021 ; Riley et al. 2021
Étoiles,"Pulsar du Crabe, surface",2.783774e+30,1.200000e+04,3.360000e-02,période de rotation,rayon stellaire,"supposé (M, R typiques)",5.391246e-44,6.895687e-06,4.002769e-05,4.215031e-82,-0.7638,-38.1069,2.9240,-39.6345,,between ISCO and r_s (1/6 < X < 1/2) ; super-Planckian mass (Y < 1) ; R above Planck length,Lyne et al. 1993 (période)
Étoiles,"PSR B1913+16, orbite",5.623223e+30,1.949032e+09,2.790698e+04,période orbitale,demi-grand axe,déduit (Kepler),5.391246e-44,1.392929e-05,6.501271e+00,2.086649e-82,-5.6691,-38.4122,3.6327,-49.7504,2.66e-15,X < 1e-4 (Newtonian to 1e-4) ; super-Planckian mass (Y < 1) ; R above Planck length,Weisberg & Huang 2016
Étoiles,"Double pulsar J0737−3039, orbite",5.144016e+30,8.788307e+08,8.834535e+03,période orbitale,demi-grand axe,déduit (Kepler),5.391246e-44,1.274225e-05,2.931464e+00,2.281037e-82,-5.3618,-38.3736,3.4791,-49.0972,1.78e-15,X < 1e-4 (Newtonian to 1e-4) ; super-Planckian mass (Y < 1) ; R above Planck length,Kramer et al. 2021
Étoiles,"Cygnus X-1, horizon",4.215429e+31,6.260890e+04,,,rayon de Schwarzschild,défini (rayon de Schwarzschild),5.391246e-44,1.044204e-04,2.088408e-04,2.783511e-83,-0.3010,-39.2871,,-39.8892,,R <= r_s (X >= 1/2) ; super-Planckian mass (Y < 1) ; R above Planck length,Miller-Jones et al. 2021
Étoiles,GW150914 à 40 Hz,1.298432e+32,8.187193e+05,2.500000e-02,période de l'onde,séparation képlérienne (non observable),déduit (Kepler),5.391246e-44,3.216346e-04,2.730954e-03,9.036821e-84,-0.9290,-39.7757,0.9616,-41.6336,1.11e-15,1e-4 <= X <= 1/6 ; super-Planckian mass (Y < 1) ; R above Planck length,LVK 2016
Noyaux galactiques,S2 autour de Sgr A*,8.550162e+36,1.547583e+14,5.063732e+08,période orbitale,demi-grand axe,déduit (Kepler),5.391246e-44,2.117961e+01,5.162181e+05,1.372336e-88,-4.3869,-44.5942,2.9916,-53.3681,1.78e-15,X < 1e-4 (Newtonian to 1e-4) ; super-Planckian mass (Y < 1) ; R above Planck length,GRAVITY Collaboration 2020
Noyaux galactiques,"Sgr A*, horizon",8.550162e+36,1.269898e+10,,,rayon de Schwarzschild,défini (rayon de Schwarzschild),5.391246e-44,2.117961e+01,4.235922e+01,1.372336e-88,-0.3010,-44.5942,,-45.1963,,R <= r_s (X >= 1/2) ; super-Planckian mass (Y < 1) ; R above Planck length,GRAVITY Collaboration 2020
Noyaux galactiques,"M87*, horizon",1.292466e+40,1.919613e+13,,,rayon de Schwarzschild,défini (rayon de Schwarzschild),5.391246e-44,3.201569e+04,6.403138e+04,9.078529e-92,-0.3010,-47.7737,,-48.3757,,between ISCO and r_s (1/6 < X < 1/2) ; super-Planckian mass (Y < 1) ; R above Planck length,EHT Collaboration 2019
Galaxie,Soleil autour du centre galactique,2.058119e+41,2.530256e+20,6.823204e+15,période orbitale,rayon galactocentrique,circulaire : M déduite de la même orbite,5.391246e-44,5.098168e+05,8.440024e+11,5.701173e-93,-6.2189,-48.9757,3.9076,-61.4136,-1.78e-15,X < 1e-4 (Newtonian to 1e-4) ; super-Planckian mass (Y < 1) ; R above Planck length,"ordres de grandeur usuels (V₀ = 233 km/s, R₀ = 8,2 kpc)"
Cosmos,Sphère de Hubble aujourd'hui,9.240959e+52,1.372497e+26,4.351793e+17,âge de l'Univers,rayon de Hubble c/H₀,défini (c/H₀),5.391246e-44,2.289078e+17,4.578157e+17,1.269749e-104,-0.3010,-60.6280,-0.0220,-61.2300,,between ISCO and r_s (1/6 < X < 1/2) ; super-Planckian mass (Y < 1) ; R above Planck length,Planck Collaboration 2020
Cosmos,Sphère de Hubble au découplage (z ≈ 1090),3.980422e+48,5.911850e+21,1.189722e+13,âge au découplage,rayon de Hubble c/H(z),défini (c/H(z)),5.391246e-44,9.859905e+12,1.971981e+13,2.947852e-100,-0.3010,-56.2622,-0.2195,-56.8642,,between ISCO and r_s (1/6 < X < 1/2) ; super-Planckian mass (Y < 1) ; R above Planck length,"Planck 2020 (âge au découplage, ≈ 377 kyr)"
